{"cameraMode":{"drawMode":0,"name":"Shaded","section":"Shading Mode"},"sceneLighting":false,"audioPlay":false,"sceneViewState":{"showFog":true,"showMaterialUpdate":false,"showSkybox":false,"showFlares":true,"showImageEffects":true,"showParticleSystems":true},"in2DMode":false,"pivot":{"x":-20.026840209960939,"y":1.8700016736984254,"z":3.981282949447632},"rotation":{"x":0.04273311793804169,"y":0.9066697955131531,"z":-0.09473645687103272,"w":0.4090028703212738},"size":31.172534942626954,"orthographic":true}