{"cameraMode":{"drawMode":0,"name":"Shaded","section":"Shading Mode"},"sceneLighting":false,"audioPlay":false,"sceneViewState":{"showFog":true,"showMaterialUpdate":false,"showSkybox":false,"showFlares":true,"showImageEffects":true,"showParticleSystems":true},"in2DMode":false,"pivot":{"x":10.699999809265137,"y":1.0,"z":-17.200000762939454},"rotation":{"x":0.027611427009105684,"y":0.9615890979766846,"z":-0.2534118592739105,"w":0.10355052351951599},"size":4.041658401489258,"orthographic":true}