{"cameraMode":{"drawMode":0,"name":"Shaded","section":"Shading Mode"},"sceneLighting":true,"audioPlay":false,"sceneViewState":{"showFog":true,"showMaterialUpdate":false,"showSkybox":true,"showFlares":true,"showImageEffects":true,"showParticleSystems":true},"in2DMode":false,"pivot":{"x":-38.77299499511719,"y":1.3999998569488526,"z":-74.69999694824219},"rotation":{"x":0.04186028242111206,"y":-0.9558795690536499,"z":0.1686311662197113,"w":0.23749306797981263},"size":247.38351440429688,"orthographic":true}