{"cameraMode":{"drawMode":0,"name":"Shaded","section":"Shading Mode"},"sceneLighting":true,"audioPlay":false,"sceneViewState":{"showFog":true,"showMaterialUpdate":false,"showSkybox":true,"showFlares":true,"showImageEffects":true,"showParticleSystems":true},"in2DMode":false,"pivot":{"x":-101.69999694824219,"y":-0.6800000071525574,"z":12.200000762939454},"rotation":{"x":-0.3068177402019501,"y":0.048409923911094668,"z":-0.01783088594675064,"w":-0.9506104588508606},"size":23.334524154663087,"orthographic":true}