{"cameraMode":{"drawMode":0,"name":"Shaded","section":"Shading Mode"},"sceneLighting":true,"audioPlay":false,"sceneViewState":{"showFog":true,"showMaterialUpdate":false,"showSkybox":true,"showFlares":true,"showImageEffects":true,"showParticleSystems":true},"in2DMode":false,"pivot":{"x":-0.07999999821186066,"y":0.44999998807907107,"z":-3.9100000858306886},"rotation":{"x":-0.10183461010456085,"y":-0.8234231472015381,"z":0.15649007260799409,"w":-0.535832405090332},"size":0.34294596314430239,"orthographic":false}