{"cameraMode":{"drawMode":0,"name":"Shaded","section":"Shading Mode"},"sceneLighting":true,"audioPlay":false,"sceneViewState":{"showFog":true,"showMaterialUpdate":false,"showSkybox":true,"showFlares":true,"showImageEffects":true,"showParticleSystems":true},"in2DMode":false,"pivot":{"x":0.06999999284744263,"y":0.13999998569488526,"z":2.119999885559082},"rotation":{"x":0.04291507229208946,"y":0.9271366000175476,"z":-0.11208526045084,"w":0.35499295592308047},"size":2.8578836917877199,"orthographic":false}