{"cameraMode":{"drawMode":0,"name":"Shaded","section":"Shading Mode"},"sceneLighting":true,"audioPlay":false,"sceneViewState":{"showFog":true,"showMaterialUpdate":false,"showSkybox":true,"showFlares":true,"showImageEffects":true,"showParticleSystems":true},"in2DMode":false,"pivot":{"x":0.0,"y":-3.521249771118164,"z":-15.683356285095215},"rotation":{"x":0.24758748710155488,"y":0.45635712146759035,"z":-0.13385695219039918,"w":0.8441140055656433},"size":25.943355560302736,"orthographic":false}